Datetime,Water Level (m)
2026-01-08 06:00:00,-0.44355106
2026-01-08 07:00:00,-0.63320637
2026-01-08 08:00:00,-0.76960444
2026-01-08 09:00:00,-0.768611
2026-01-08 10:00:00,-0.39106244
2026-01-08 11:00:00,-0.09636612
2026-01-08 12:00:00,0.21058278
2026-01-08 13:00:00,0.4005253
2026-01-08 14:00:00,0.44739416
2026-01-08 15:00:00,0.2604802
2026-01-08 16:00:00,0.02274842
2026-01-08 17:00:00,-0.18355091
2026-01-08 18:00:00,-0.3761462
2026-01-08 19:00:00,-0.56592834
2026-01-08 20:00:00,-0.7053049
2026-01-08 21:00:00,-0.6974452
2026-01-08 22:00:00,-0.26999596
2026-01-08 23:00:00,0.03379896
2026-01-09 00:00:00,0.35765108
2026-01-09 01:00:00,0.51456666
2026-01-09 02:00:00,0.51983833
2026-01-09 03:00:00,0.31160253
2026-01-09 04:00:00,0.089435235
2026-01-09 05:00:00,-0.11598647
2026-01-09 06:00:00,-0.31481957
2026-01-09 07:00:00,-0.5125275
2026-01-09 08:00:00,-0.66435
2026-01-09 09:00:00,-0.7809014
2026-01-09 10:00:00,-0.6666286
2026-01-09 11:00:00,-0.26869094
2026-01-09 12:00:00,0.039416708
2026-01-09 13:00:00,0.33779144
2026-01-09 14:00:00,0.47046962
2026-01-09 15:00:00,0.4605686
2026-01-09 16:00:00,0.24129722
2026-01-09 17:00:00,0.021895742
2026-01-09 18:00:00,-0.1715521
2026-01-09 19:00:00,-0.35660002
2026-01-09 20:00:00,-0.5306164
2026-01-09 21:00:00,-0.6353454
2026-01-09 22:00:00,-0.50858194
2026-01-09 23:00:00,-0.20636308
2026-01-10 00:00:00,0.069418594
2026-01-10 01:00:00,0.32920662
2026-01-10 02:00:00,0.43666634
2026-01-10 03:00:00,0.38620815
2026-01-10 04:00:00,0.1777589
2026-01-10 05:00:00,-0.024597192
2026-01-10 06:00:00,-0.21976224
2026-01-10 07:00:00,-0.4109248
2026-01-10 08:00:00,-0.57646275
2026-01-10 09:00:00,-0.7099714
2026-01-10 10:00:00,-0.7802219
2026-01-10 11:00:00,-0.53921634
2026-01-10 12:00:00,-0.23121072
2026-01-10 13:00:00,0.059590884
2026-01-10 14:00:00,0.3112917
2026-01-10 15:00:00,0.4364344
2026-01-10 16:00:00,0.3928404
2026-01-10 17:00:00,0.18286648
2026-01-10 18:00:00,-0.023054322
2026-01-10 19:00:00,-0.20673734
2026-01-10 20:00:00,-0.38280177
2026-01-10 21:00:00,-0.5371815
2026-01-10 22:00:00,-0.6192482
2026-01-10 23:00:00,-0.5153567
2026-01-11 00:00:00,-0.29680213
2026-01-11 01:00:00,-0.08433584
2026-01-11 02:00:00,0.10451638
2026-01-11 03:00:00,0.16246997
2026-01-11 04:00:00,0.10994411
2026-01-11 05:00:00,-0.037631992
2026-01-11 06:00:00,-0.21224713
2026-01-11 07:00:00,-0.38881758
2026-01-11 08:00:00,-0.54760915
2026-01-11 09:00:00,-0.67910904
2026-01-11 10:00:00,-0.7885384
2026-01-11 11:00:00,-0.789141
2026-01-11 12:00:00,-0.51510227
2026-01-11 13:00:00,-0.2516858
2026-01-11 14:00:00,0.014820449
2026-01-11 15:00:00,0.23602042
2026-01-11 16:00:00,0.3647787
2026-01-11 17:00:00,0.3166939
2026-01-11 18:00:00,0.12458121
2026-01-11 19:00:00,-0.069952026
2026-01-11 20:00:00,-0.24244636
2026-01-11 21:00:00,-0.40622118
2026-01-11 22:00:00,-0.5492072
2026-01-11 23:00:00,-0.6311935
2026-01-12 00:00:00,-0.5977467
2026-01-12 01:00:00,-0.44054452
2026-01-12 02:00:00,-0.27858415
2026-01-12 03:00:00,-0.12586568
2026-01-12 04:00:00,-0.06953972
2026-01-12 05:00:00,-0.10090968
2026-01-12 06:00:00,-0.1977064
2026-01-12 07:00:00,-0.32724935
2026-01-12 08:00:00,-0.48525923
2026-01-12 09:00:00,-0.62189233
2026-01-12 10:00:00,-0.73869365
2026-01-12 11:00:00,-0.82319856
2026-01-12 12:00:00,-0.78592217
2026-01-12 13:00:00,-0.5415609
2026-01-12 14:00:00,-0.30317363
2026-01-12 15:00:00,-0.052605912
2026-01-12 16:00:00,0.17567083
2026-01-12 17:00:00,0.31559458
2026-01-12 18:00:00,0.29144838
2026-01-12 19:00:00,0.12829311
2026-01-12 20:00:00,-0.058127515
2026-01-12 21:00:00,-0.22838466
2026-01-12 22:00:00,-0.38814503
2026-01-12 23:00:00,-0.53509796
2026-01-13 00:00:00,-0.629556
2026-01-13 01:00:00,-0.6601731
2026-01-13 02:00:00,-0.56949204
2026-01-13 03:00:00,-0.42498925
2026-01-13 04:00:00,-0.27121308
2026-01-13 05:00:00,-0.15815093
2026-01-13 06:00:00,-0.13478978
2026-01-13 07:00:00,-0.17725387
2026-01-13 08:00:00,-0.27163196
2026-01-13 09:00:00,-0.40690973
2026-01-13 10:00:00,-0.5497375
2026-01-13 11:00:00,-0.66774017
2026-01-13 12:00:00,-0.7523005
2026-01-13 13:00:00,-0.7269383
2026-01-13 14:00:00,-0.49534544
2026-01-13 15:00:00,-0.26745093
2026-01-13 16:00:00,-0.026963467
2026-01-13 17:00:00,0.2061953
2026-01-13 18:00:00,0.36868984
2026-01-13 19:00:00,0.38404766
2026-01-13 20:00:00,0.25761336
2026-01-13 21:00:00,0.06480285
2026-01-13 22:00:00,-0.1174773
2026-01-13 23:00:00,-0.2854592
2026-01-14 00:00:00,-0.45316356
2026-01-14 01:00:00,-0.58112925
2026-01-14 02:00:00,-0.6630003
2026-01-14 03:00:00,-0.6478292
2026-01-14 04:00:00,-0.4890732
2026-01-14 05:00:00,-0.3062056
2026-01-14 06:00:00,-0.14201708
